問題ID,問題文,選択肢A,選択肢B,選択肢C,選択肢D,選択肢E,正解,解説,間違えやすいポイント
A_PHYS_001,"質量$m$の物体が高さ$h$から自由落下する。地面に達する直前の速度$v$はどれか。","$v=gh$","$v=\sqrt{gh}$","$v=\sqrt{2gh}$","$v=2gh$","$v=\frac{1}{2}gh$",C,"力学的エネルギー保存則より位置エネルギー$mgh$は運動エネルギー$\frac{1}{2}mv^2$に等しい。これを$v$について解くと$v=\sqrt{2gh}$となる。初速度が0であることが前提条件である。","速度と加速度を混同して$v=gh$と誤答しやすい。運動方程式ではなくエネルギー保存則を用いる点に注意する。"
A_PHYS_002,"質量$m$の物体に力$F$が作用して速度が$v_1$から$v_2$に変化した。この間に力がした仕事はどれか。","$\frac{1}{2}m(v_2-v_1)$","$\frac{1}{2}m(v_2^2-v_1^2)$","$m(v_2^2-v_1^2)$","$F(v_2-v_1)$","$\frac{1}{2}F(v_2^2-v_1^2)$",B,"仕事と運動エネルギーの定理より仕事は運動エネルギーの増加量に等しい。運動エネルギーは$\frac{1}{2}mv^2$であるため仕事は$\frac{1}{2}m(v_2^2-v_1^2)$で表される。","速度差と速度二乗差を取り違えやすい。運動エネルギーの定義式を正確に用いる必要がある。"
A_PHYS_003,"慣性モーメント$I$の剛体が角速度$\omega$で回転しているとき回転の運動エネルギーはどれか。","$I\omega$","$I\omega^2$","$\frac{1}{2}I\omega$","$\frac{1}{2}I\omega^2$","$2I\omega^2$",D,"回転運動の運動エネルギーは並進運動の$\frac{1}{2}mv^2$に対応して$\frac{1}{2}I\omega^2$と表される。慣性モーメントが質量に相当し角速度が速度に相当する。","角速度が二乗される点を忘れやすい。$I\omega^2$と$\frac{1}{2}I\omega^2$を混同しないことが重要である。"
A_PHYS_004,"単振動において変位が振幅の半分のとき速度と最大速度の比はどれか。","$1:1$","$1:\sqrt{2}$","$\sqrt{3}:2$","$1:2$","$1:4$",C,"単振動ではエネルギー保存より$v=\omega\sqrt{A^2-x^2}$で表される。$x=A/2$を代入すると$v=\omega A\sqrt{3}/2$となり最大速度$\omega A$との比は$\sqrt{3}:2$となる。","比例関係で考えてしまい$1:2$などと誤答しやすい。平方根が含まれる式を正確に扱う必要がある。"
A_PHYS_005,"波長$\lambda$で振動数$f$の波が速さ$v$で伝わるとき正しい関係式はどれか。","$v=\lambda/f$","$v=f/\lambda$","$v=\lambda f$","$v=\lambda/2f$","$v=2\lambda f$",C,"波の基本式は波の速さは波長と振動数の積で表され$v=\lambda f$となる。これは音波や水面波などすべての周期波動に共通する関係である。","分数形と混同しやすい。公式を暗記せず意味から理解することが重要である。"
A_PHYS_006,"音源が観測者に近づいてくるとき観測される音の振動数について正しいのはどれか。","低くなる","同じである","高くなる","$\frac{V}{V-v}$倍","$\frac{V-v}{V}$倍",C,"ドップラー効果により音源が接近すると波面間隔が狭くなり観測される振動数は増加する。したがって静止時より高くなる。","式の分母分子を考える前に増加か減少かを判断しないと符号を誤りやすい。"
A_PHYS_007,"完全流体の定常流においてベルヌーイの定理が表す保存則はどれか。","圧力の保存","運動量の保存","エネルギーの保存","質量の保存","角運動量の保存",C,"ベルヌーイの定理は位置エネルギーと運動エネルギーと圧力エネルギーの和が一定であることを示すもので流体のエネルギー保存則を表す。","連続の式と混同して質量保存と誤解しやすい。エネルギーの概念である点に注意する。"
A_PHYS_008,"理想気体の状態方程式$PV=nRT$において$n$が表す量はどれか。","分子数","物質量","質量","体積","密度",B,"$n$はモル数を表し物質量の単位は$\mathrm{mol}$である。分子数とはアボガドロ数を掛けた値であり意味が異なる。","分子数と物質量を同一視しやすい。単位が$\mathrm{mol}$であることを確認する必要がある。"
A_PHYS_009,"理想気体が等温膨張するとき正しいのはどれか。","内部エネルギーは増加する","内部エネルギーは減少する","内部エネルギーは変化しない","外部から仕事をされる","外部に熱を放出する",C,"理想気体の内部エネルギーは温度のみに依存する。等温変化では温度が一定であるため内部エネルギーは変化しない。","膨張すればエネルギーが減ると誤解しやすい。温度一定という条件が重要である。"
A_PHYS_010,"熱力学第二法則として正しい内容はどれか。","エネルギーは保存される","熱は高温物体から低温物体へ自発的に移動する","絶対零度に到達できる","可逆過程ではエントロピーが増大する","孤立系のエントロピーは減少する",B,"第二法則は自然過程では熱は高温側から低温側へ移動することを示す。エントロピー増大の法則と等価な表現である。","第一法則と混同しやすい。エントロピーの符号を誤って解釈しないよう注意する。"
A_PHYS_011,"真空中で点電荷$q$から距離$r$離れた点の電位$V$はどれか。","$\frac{q}{4\pi\varepsilon_0 r}$","$\frac{q}{4\pi\varepsilon_0 r^2}$","$\frac{q}{2\pi\varepsilon_0 r}$","$4\pi\varepsilon_0 r q$","$4\pi\varepsilon_0 r^2 q$",A,"クーロンの法則より電位は距離に反比例し$V=\frac{q}{4\pi\varepsilon_0 r}$で表される。距離の二乗に反比例するのは電場の大きさである。","電場の式と混同して$r^2$で割る形を選びやすい。電位と電場の違いに注意する。"
A_PHYS_012,"コンデンサーに蓄えられる静電エネルギー$U$として正しい式はどれか。","$CV$","$CV^2$","$\frac{1}{2}CV$","$\frac{1}{2}CV^2$","$2CV^2$",D,"コンデンサーのエネルギーは$U=\frac{1}{2}CV^2$で与えられる。電圧の二乗に比例し電気容量にも比例する。","係数$\frac{1}{2}$を忘れる誤りが多い。$CV^2$と混同しないようにする。"
A_PHYS_013,"磁束密度$B$の一様な磁場中を磁場に垂直に速度$v$で運動する電荷$q$に働く力の大きさはどれか。","$qvB$","$qv/B$","$qB/v$","$qv^2B$","$qvB^2$",A,"ローレンツ力の大きさは$qvB$で表される。速度と磁場が垂直である場合にこの式が成り立つ。","角度条件を忘れて余分な因子を入れやすい。基本式を正確に覚える必要がある。"
A_PHYS_014,"電磁誘導の法則として正しい内容はどれか。","磁束の大きさに比例する","磁束の変化率に比例する","磁場の強さに比例する","電流の大きさに比例する","抵抗の大きさに比例する",B,"ファラデーの法則では誘導起電力は磁束の時間変化率に比例する。磁束そのものではなく変化が重要である。","磁束と磁束変化率を混同しやすい。時間変化に注目する必要がある。"
A_PHYS_015,"レンズの焦点距離$f$と物体距離$a$と像距離$b$の関係式として正しいのはどれか。","$\frac{1}{f}=a+b$","$\frac{1}{f}=\frac{1}{a}+\frac{1}{b}$","$f=a+b$","$f=\frac{1}{a}+\frac{1}{b}$","$\frac{1}{f}=ab$",B,"薄レンズの公式は$\frac{1}{f}=\frac{1}{a}+\frac{1}{b}$であり幾何光学の基本式である。","逆数の扱いを誤りやすい。単なる和としないよう注意する。"
A_PHYS_016,"光の屈折におけるスネルの法則として正しいのはどれか。","$n_1\sin\theta_1=n_2\sin\theta_2$","$n_1\cos\theta_1=n_2\cos\theta_2$","$n_1\tan\theta_1=n_2\tan\theta_2$","$\frac{n_1}{n_2}=\frac{\sin\theta_2}{\sin\theta_1}$","$n_1\theta_1=n_2\theta_2$",A,"屈折の法則は屈折率と入射角の正弦が比例し$n_1\sin\theta_1=n_2\sin\theta_2$で表される。","比の向きを逆にしてしまう誤りが多い。正弦を用いる点を確認する。"
A_PHYS_017,"単スリット回折においてスリット幅を小さくすると中央の明線の幅はどうなるか。","広くなる","狭くなる","変わらない","消失する","2倍になる",A,"回折角はスリット幅に反比例するため幅を小さくすると回折が大きくなり中央の明線は広がる。","直感と逆になりやすく狭くなると誤答しやすい。回折条件式を思い出すことが重要である。"
A_PHYS_018,"光電効果において放出される光電子の最大運動エネルギー$K$を表す式として正しいのはどれか。","$K=hf-W$","$K=hf+W$","$K=W-hf$","$K=hf/W$","$K=hfW$",A,"光子エネルギー$hf$から金属の仕事関数$W$を差し引いた残りが電子の運動エネルギーとなる。","符号を逆にして$W-hf$と書きやすい。差の順序に注意する。"
A_PHYS_019,"原子核の質量数$A$と陽子数$Z$が与えられたとき中性子数として正しいのはどれか。","$Z$","$A$","$A-Z$","$A+Z$","$A/Z$",C,"質量数は陽子数と中性子数の和であるため中性子数は$A-Z$で求められる。","$A$と$Z$の意味を混同しやすい。質量数の定義を確認する必要がある。"
A_CHEM_020,"主量子数$n=2$の軌道に収容できる電子の最大数はどれか。","2","6","8","10","18",C,"殻に入る最大電子数は$2n^2$で与えられる。$n=2$を代入すると$2\times4=8$となる。","公式を忘れて2や6と答えやすい。$2n^2$の関係を用いることが重要である。"
A_CHEM_021,"周期表において同一周期で原子番号が増加すると一般に減少する性質はどれか。","原子半径","イオン化エネルギー","電気陰性度","非金属性","酸化力",A,"周期内では有効核電荷が増加し電子雲が引き寄せられるため原子半径は小さくなる。","イオン化エネルギーや電気陰性度と方向を取り違えやすい。"
A_CHEM_022,"共有結合の結合エネルギーが最も大きいのはどれか。","C-C単結合","C=C二重結合","C≡C三重結合","C-H結合","C-O結合",C,"結合次数が大きいほど結合エネルギーは大きくなり三重結合が最も強い。","原子の種類だけで判断して誤ることがある。結合次数に注目する必要がある。"
A_CHEM_023,"25℃で1気圧の純水のpHはどれか。","0","1","7","10","14",C,"純水は自己解離により水素イオン濃度と水酸化物イオン濃度が等しくなりpHは7の中性となる。","蒸留水でも酸性や塩基性と誤解しやすい。中性の基準を確認する。"
A_CHEM_024,"弱酸の解離定数$K_a$から$pK_a$を求める正しい式はどれか。","$pK_a=K_a$","$pK_a=\log K_a$","$pK_a=-\log K_a$","$pK_a=\ln K_a$","$pK_a=e^{K_a}$",C,"$pK_a$は酸解離定数$K_a$の常用対数の負で定義される。酸の強さの比較に用いられる指標である。","自然対数と常用対数を混同しやすい。マイナス符号を忘れないことが重要である。"
A_CHEM_025,"分子中の炭素原子がsp混成軌道をとるのはどれか。","CH4","C2H4","C2H2","C6H6","C6H12",C,"アセチレンでは炭素が三重結合を形成し直線形構造となるためsp混成軌道をとる。","二重結合のsp2混成と混同しやすい。結合の種類を確認する必要がある。"
A_CHEM_026,"0.1mol毎リットルの塩化ナトリウム水溶液の凝固点降下は同濃度のグルコース水溶液の何倍か。","0.5倍","1倍","1.5倍","2倍","4倍",D,"塩化ナトリウムは水中でナトリウムイオンと塩化物イオンに電離するため粒子数が約2倍となり凝固点降下も約2倍となる。","電離を考慮せず同じと答えやすい。粒子数に比例することを思い出す必要がある。"
A_CHEM_027,"錯イオン$[\mathrm{Co(NH_3)_6}]^{3+}$における配位数はいくつか。","1","2","3","6","9",D,"配位数は中心金属に直接結合している配位子の数でありNH3が6個結合しているため6である。","電荷の数と混同しやすい。配位子の個数を数えることが重要である。"
A_CHEM_028,"ヘモグロビンの中心金属イオンとして正しいのはどれか。","Mg2+","Ca2+","Fe2+","Cu2+","Zn2+",C,"ヘモグロビンのヘムには二価鉄イオンが存在し酸素分子と可逆的に結合することで酸素運搬が可能となる。","クロロフィルの中心金属であるマグネシウムと混同しやすい。"
A_STAT_029,"10個のデータ集合の中央値として正しいのはどれか。","3","4","5","6","7",C,"データ数が偶数であるため中央の2つの値の平均をとる。並べると中央は5と5であり中央値は5となる。","偶数個のとき平均を取る規則を忘れると誤答しやすい。"
A_STAT_030,"データの散らばりの程度を表す指標でないのはどれか。","分散","標準偏差","四分位範囲","平均値","範囲",D,"平均値は中心傾向を表す指標でありデータのばらつきを示す指標ではない。","分散や標準偏差と役割を混同しやすい。中心と散らばりの区別が重要である。"
A_STAT_031,"確率変数$X$が正規分布$N(\mu,\sigma^2)$に従うとき$X$を標準化した確率変数$Z$の分布はどれか。","$N(0,1)$","$N(\mu,1)$","$N(0,\sigma^2)$","$N(1,1)$","$N(\mu,\sigma)$",A,"標準化とは$Z=(X-\mu)/\sigma$と変換することで平均0分散1の正規分布に従う変数を得る操作である。したがって分布は$N(0,1)$となる。","平均との差と分散の扱いを混同し$N(0,\sigma^2)$と誤答しやすい。標準化後は分散が1になる点に注意する。"
A_STAT_032,"2つの事象$A$と$B$が互いに独立であるとき正しいのはどれか。","$P(A\cap B)=0$","$P(A\cup B)=P(A)+P(B)$","$P(A\cap B)=P(A)\times P(B)$","$P(A|B)=0$","$A$と$B$は排反である",C,"独立事象とは一方の起こりやすさが他方に影響しない事象であり$P(A\cap B)=P(A)P(B)$が成り立つ。排反とは異なる概念である。","独立と排反を混同し$P(A\cap B)=0$と誤答しやすい。独立でも同時に起こる場合がある点に注意する。"
A_STAT_033,"ベイズの定理を用いて求められるのはどれか。","事前確率から事後確率","期待値から分散","標本平均から母平均","相関係数から回帰係数","検定統計量から有意水準",A,"ベイズの定理は観測された情報を用いて事前確率を更新し事後確率を求める方法である。診断検査の陽性的中率の計算などに用いられる。","期待値や分散の計算と混同しやすい。確率の更新に関する定理であることを理解する必要がある。"
A_STAT_034,"連続型確率変数$X$の確率密度関数$f(x)$について必ず成り立つのはどれか。","すべての$x$で$f(x)\ge0$","すべての$x$で$0\le f(x)\le1$","$\int_{-\infty}^{\infty}f(x)dx=0$","$f(x)$の最大値は1である","$f(x)=P(X=x)$",A,"確率密度関数は負の値をとらず$f(x)\ge0$を満たす。また全体の積分は1である。連続型では$P(X=x)=0$である。","確率と確率密度を混同し$0\le f(x)\le1$と誤答しやすい。密度は1を超えることもある。"
A_STAT_035,"期待値が$\mu$で分散が$\sigma^2$の確率変数$X$について$Y=aX+b$としたとき$Y$の分散はどれか。","$a\sigma^2$","$a^2\sigma^2$","$(a+b)\sigma^2$","$a\sigma^2+b$","$a^2\sigma^2+b^2$",B,"分散は定数倍に対して二乗で影響し$V(aX+b)=a^2V(X)$が成り立つ。加法定数$b$は分散に影響しない。","定数項$b$も分散に影響すると誤解しやすい。分散はばらつきのみを表す量である点を意識する。"
A_STAT_036,"2つの確率変数$X$と$Y$の相関係数$\rho$の取りうる値の範囲として正しいのはどれか。","$-\infty<\rho<\infty$","$0\le\rho\le1$","$-1\le\rho\le1$","$-2\le\rho\le2$","$\rho>0$",C,"相関係数は標準化された共分散であり値は常に$-1$から$1$の範囲に収まる。$|\rho|=1$は完全な線形関係を示す。","共分散と混同して無限大までと誤答しやすい。相関係数は規格化された指標である。"
A_STAT_037,"中心極限定理について正しいのはどれか。","標本サイズが大きくなると標本平均の分布は母集団分布に近づく","標本サイズが大きくなると標本平均の分布は正規分布に近づく","標本サイズが大きくなると標本平均の分散は増大する","母集団が正規分布でないと成り立たない","標本サイズが5以上で必ず成り立つ",B,"中心極限定理は母集団分布の形に関わらず標本サイズが十分大きければ標本平均の分布が正規分布に近づくことを示す定理である。","母集団が正規分布である必要があると誤解しやすい。標本サイズが十分大きい条件が重要である。"
A_STAT_038,"標本サイズ$n$の標本平均$\bar{X}$について$E(\bar{X})$と$V(\bar{X})$の正しい組合せはどれか。","$E=\mu,V=\sigma^2$","$E=\mu,V=\sigma^2/n$","$E=\mu/n,V=\sigma^2$","$E=\mu/n,V=\sigma^2/n$","$E=n\mu,V=n\sigma^2$",B,"標本平均の期待値は母平均$\mu$に等しく分散は個々の分散を$n$で割った$\sigma^2/n$となる。標本数が増えるとばらつきは小さくなる。","分散も$\sigma^2$のままと考えてしまいがちである。平均を取ることでばらつきが減少する点を理解する。"
A_STAT_039,"母平均$\mu$の信頼区間を95%から99%にすると幅はどうなるか。","狭くなる","広くなる","変わらない","半分になる","2倍になる",B,"信頼係数を大きくすると真の値を含む確率を高めるため区間は広がる。標本サイズが一定なら臨界値が大きくなるため幅は増加する。","信頼度を上げると精度が上がり狭くなると誤解しやすい。幅と信頼度はトレードオフの関係にある。"
A_STAT_040,"帰無仮説が正しいにもかかわらずこれを棄却してしまう誤りは何というか。","第一種の過誤","第二種の過誤","標本誤差","系統誤差","測定誤差",A,"第一種の過誤とは本当は正しい帰無仮説を誤って棄却してしまう誤りであり有意水準$\alpha$に対応する。","第二種の過誤と混同しやすい。帰無仮説が正しい場合に起こる誤りである点を確認する。"
A_STAT_041,"有意水準$\alpha$を小さくするとどうなるか。","第一種の過誤が大きくなる","第一種の過誤が小さくなる","第二種の過誤が小さくなる","検出力が大きくなる","信頼区間が狭くなる",B,"有意水準$\alpha$は第一種の過誤の確率であり$\alpha$を小さくすると誤って棄却する確率は減少する。","検出力が必ず上がると誤解しやすい。一般に第一種と第二種の過誤はトレードオフである。"
A_STAT_042,"対応のある2群の平均値の差の検定に用いるのはどれか。","対応のない$t$検定","対応のある$t$検定","$\chi^2$検定","$F$検定","符号検定",B,"同一対象を前後比較するなど対応のあるデータでは差をとって検定する対応のある$t$検定を用いる。独立2群の検定とは異なる。","独立2群と同じ$t$検定を用いてしまう誤りが多い。データの対応関係を確認する必要がある。"
A_STAT_043,"2つの独立な正規分布に従う母集団の分散の比の検定に用いる分布はどれか。","正規分布","$t$分布","$\chi^2$分布","$F$分布","二項分布",D,"分散比の検定では2つの分散の比が$F$分布に従うことを利用するため$F$分布を用いる。","$t$検定と混同しやすい。平均ではなく分散の比を検定する点が異なる。"
A_STAT_044,"2つのカテゴリカル変数の独立性の検定に用いるのはどれか。","$t$検定","$\chi^2$検定","$F$検定","分散分析","回帰分析",B,"分割表に基づき観測度数と期待度数の差を評価する独立性の検定には$\chi^2$検定を用いる。","平均値の検定と混同しやすい。度数データである点を確認する必要がある。"
A_STAT_045,"単回帰分析で決定係数$R^2$が1に近いとき正しいのはどれか。","当てはまりが悪い","当てはまりが良い","相関が弱い","残差が大きい","回帰係数が0に近い",B,"決定係数$R^2$はモデルがデータの分散をどれだけ説明できるかを示す指標であり1に近いほど当てはまりが良い。","$R$と$R^2$を混同しやすい。値が大きいほど良い当てはまりである。"
A_STAT_046,"多重比較法が必要となるのはどのような場合か。","2群の平均値を比較する場合","3群以上の平均値を比較する場合","比率を検定する場合","相関を検定する場合","分散を検定する場合",B,"3群以上の平均値を個別に比較すると第一種の過誤が増えるため多重比較法で有意水準を調整する必要がある。","2群比較と同じ方法で繰り返すと誤りやすい。誤検出率の増加に注意する。"
A_STAT_047,"生存時間データの解析に用いられる手法はどれか。","ロジスティック回帰","Cox比例ハザードモデル","主成分分析","クラスター分析","判別分析",B,"打ち切りを含む生存時間データの解析にはハザードを扱うCox比例ハザードモデルが広く用いられる。","二値データ解析と混同しロジスティック回帰を選びやすい。時間情報を扱う点が特徴である。"
A_BIO_048,"真核生物の細胞周期においてDNA複製が行われる時期はどれか。","G1期","S期","G2期","M期","G0期",B,"細胞周期ではDNAの複製はS期に行われる。G1期は成長期でありG2期は分裂準備期である。","G1期と混同しやすい。DNA合成期であるS期を覚える必要がある。"
A_BIO_049,"減数分裂の特徴として正しいのはどれか。","染色体数が変化しない","1回の分裂で2個の娘細胞ができる","体細胞で起こる","相同染色体の対合が起こる","DNA複製が2回行われる",D,"減数分裂では相同染色体の対合と分離が起こり染色体数が半減する。生殖細胞形成に特有の分裂である。","体細胞分裂と混同しやすい。染色体数が半分になる点に注意する。"
A_BIO_050,"メンデルの法則について誤っているのはどれか。","優性の法則の説明","分離の法則の説明","独立の法則の説明","連鎖遺伝子にも適用される","統計的法則である",D,"独立の法則は異なる染色体上の遺伝子に適用され連鎖している遺伝子には成り立たない。したがってこの選択肢が誤りである。","独立の法則がすべての遺伝子に成り立つと誤解しやすい。連鎖の概念を区別する必要がある。"
A_BIO_051,"DNAの二重らせん構造について正しいのはどれか。","AとGが対合","CとTが対合","2本鎖は平行","2本鎖は相補的","リン酸基が内側",D,"DNAはAとT，GとCが相補的に塩基対を形成し2本鎖は逆平行で外側にリン酸骨格が位置する。","塩基対の組合せを取り違えやすい。逆平行構造である点も重要である。"
A_BIO_052,"転写について正しいのはどれか。","DNAからmRNAが合成される","mRNAからタンパク質が合成される","DNAが複製される","tRNAがアミノ酸を運ぶ","リボソームが分解される",A,"転写とはDNAの情報をもとにRNAが合成される過程であり主にmRNAが産生される。翻訳とは別の過程である。","翻訳と混同しやすい。mRNA合成が転写である点を確認する。"
A_BIO_053,"遺伝暗号の特徴として誤っているのはどれか。","3塩基で1アミノ酸","開始コドンは1種","終止コドンは3種","縮重がある","生物ごとに異なる",E,"遺伝暗号はほぼすべての生物で共通であり普遍性をもつ。したがって生物ごとに異なるという記述は誤りである。","普遍性の概念を忘れやすい。例外はあるが基本的に共通である点が重要である。"
A_BIO_054,"PCR法について正しいのはどれか。","タンパク質を増幅","耐熱性DNAポリメラーゼを使用","常温で反応","プライマー不要","RNA合成に用いる",B,"PCR法では高温でDNAが変性するため耐熱性DNAポリメラーゼを用いてDNA断片を増幅する。","逆転写PCRと混同しRNAを直接増幅すると誤解しやすい。DNA増幅法である。"
A_BIO_055,"真核生物に特有な遺伝子発現調節機構はどれか。","オペロン","転写因子","スプライシング","リボソーム解離","mRNA分解",C,"真核生物ではイントロンが除去されるスプライシングにより多様なタンパク質が生成される。この機構は原核生物には存在しない。","転写因子は原核生物にも存在するため区別が必要である。スプライシングの有無に注意する。"
A_LIFE_056,"細胞膜の主要な構成成分はどれか。","タンパク質のみ","脂質のみ","糖質のみ","リン脂質とタンパク質","DNAとRNA",D,"細胞膜はリン脂質二重層にタンパク質が埋め込まれた構造をとる。糖鎖は付加されるが主成分ではない。","脂質だけでできていると誤解しやすい。膜タンパク質の役割を忘れないことが重要である。"
A_LIFE_057,"ミトコンドリアの主な機能はどれか。","タンパク質合成","ATP合成","DNA複製","光合成","脂肪酸合成",B,"ミトコンドリアは電子伝達系と酸化的リン酸化によりATPを合成し細胞のエネルギー供給を担う。","葉緑体と混同して光合成と答えやすい。ATP産生が主機能である。"
A_LIFE_058,"解糖系で1分子のグルコースから生成されるピルビン酸の数はいくつか。","1","2","3","4","6",B,"解糖系では1分子のグルコースが2分子のピルビン酸に分解される。この過程でATPとNADHが産生される。","途中の中間体の数と混同しやすい。最終産物の数に注意する。"
A_LIFE_059,"クエン酸回路が行われる細胞内の部位はどれか。","細胞質","ミトコンドリアマトリックス","ミトコンドリア内膜","核","リボソーム",B,"クエン酸回路はミトコンドリアのマトリックスで進行し還元型補酵素を産生する。","電子伝達系が内膜で行われる点と混同しやすい。部位の違いを区別する。"
A_LIFE_060,"電子伝達系で最終的に電子を受け取る物質はどれか。","NAD+","FAD","酸素","水","二酸化炭素",C,"電子伝達系の最終電子受容体は酸素であり水に還元される。これによりATP合成が可能となる。","二酸化炭素と混同しやすい。CO2はクエン酸回路で生成される産物である。"
A_LIFE_061,"1分子のグルコースが完全に酸化されたとき理論上生成されるATPの分子数として最も近いのはどれか。","2","4","10","30","100",D,"解糖系、クエン酸回路、電子伝達系を通じて理論上は約30分子前後のATPが生成される。教科書的には30〜32分子とされることが多い。","古い数値である36や38を選びやすい。理論値と実測値の違いを理解する必要がある。"
A_LIFE_062,"塩基性アミノ酸はどれか。","グリシン","アラニン","リシン","アスパラギン酸","グルタミン酸",C,"リシンは側鎖にアミノ基を持ち生理的pHで正電荷を帯びる塩基性アミノ酸である。アスパラギン酸やグルタミン酸は酸性である。","酸性アミノ酸と混同しやすい。側鎖の電荷に注目する必要がある。"
A_LIFE_063,"タンパク質の一次構造を決定しているのはどれか。","アミノ酸配列","$\alpha$ヘリックス構造","$\beta$シート構造","ジスルフィド結合","四次構造",A,"一次構造とはアミノ酸がどの順番で結合しているかという配列情報であり高次構造の基盤となる。","立体構造と混同しやすい。一次構造は配列のみを指す点に注意する。"
A_LIFE_064,"酵素の活性部位に基質が結合する様式として正しいのはどれか。","共有結合","イオン結合のみ","疎水性相互作用のみ","複数の弱い相互作用","金属結合",D,"基質は水素結合、疎水性相互作用、静電相互作用など複数の弱い結合により活性部位に結合する。","単一の結合様式で結合すると誤解しやすい。複数の弱い相互作用の総和である。"
A_LIFE_065,"競合的阻害について正しいのはどれか。","阻害剤は活性部位以外に結合する","基質濃度を上げても阻害は解除されない","見かけの$K_m$は変化しない","見かけの$V_{max}$は変化する","阻害剤は基質と構造が類似している",E,"競合阻害では阻害剤が基質と似た構造をもち活性部位に結合するため基質濃度を上げると阻害は緩和される。","非競合阻害と混同しやすい。$V_{max}$は変化せず$K_m$が増加する点に注意する。"
A_LIFE_066,"ステロイドホルモンはどれか。","インスリン","グルカゴン","アドレナリン","コルチゾール","甲状腺ホルモン",D,"コルチゾールはコレステロールを前駆体とするステロイドホルモンであり細胞内受容体を介して作用する。","甲状腺ホルモンと混同しやすい。ステロイド骨格の有無で判断する。"
A_LIFE_067,"セカンドメッセンジャーとして働く物質はどれか。","インスリン","cAMP","インスリン受容体","グルコース","アミノ酸",B,"cAMPはホルモン刺激を細胞内に伝える代表的なセカンドメッセンジャーである。","ホルモン自体と混同しやすい。細胞内で働く分子である点を確認する。"
A_LIFE_068,"アポトーシスの特徴として誤っているのはどれか。","プログラムされた細胞死である","炎症反応を伴う","DNA断片化が起こる","カスパーゼが関与する","発生過程で重要である",B,"アポトーシスは周囲に炎症を起こさず静かに進行する細胞死であるため炎症反応を伴うという記述は誤りである。","壊死と混同しやすい。炎症を伴わない点が重要である。"
A_LIFE_069,"免疫グロブリンの基本構造を構成する鎖の数はいくつか。","1本","2本","4本","6本","8本",C,"免疫グロブリンは2本の重鎖と2本の軽鎖からなる計4本のポリペプチド鎖で構成される。","二量体構造と誤解し2本と答えやすい。鎖の本数を正確に覚える必要がある。"
A_LIFE_070,"MHCクラスI分子を発現している細胞はどれか。","ほぼすべての有核細胞","B細胞のみ","T細胞のみ","マクロファージのみ","赤血球のみ",A,"MHCクラスI分子はほぼすべての有核細胞に発現し細胞内抗原をCD8陽性T細胞に提示する。","抗原提示細胞のみと誤解しやすい。赤血球には核がない点に注意する。"
A_LIFE_071,"自然免疫で働く細胞はどれか。","B細胞","T細胞","形質細胞","NK細胞","記憶細胞",D,"NK細胞は抗原特異性を持たず自然免疫として腫瘍細胞やウイルス感染細胞を攻撃する。","獲得免疫のリンパ球と混同しやすい。抗原特異性の有無で区別する。"
A_LIFE_072,"抗原提示細胞として働くのはどれか。","赤血球","血小板","樹状細胞","好中球","好酸球",C,"樹状細胞は抗原を取り込みMHC分子上に提示してT細胞を活性化する代表的な抗原提示細胞である。","好中球と混同しやすい。抗原提示能の強さに注目する。"
A_LIFE_073,"ワクチンによって獲得される免疫はどれか。","自然免疫","受動免疫","能動免疫","非特異的免疫","先天性免疫",C,"ワクチンは抗原を投与して自ら抗体や記憶細胞を産生させるため能動免疫に分類される。","免疫グロブリン投与による受動免疫と混同しやすい。"
A_ANAT_074,"骨の構造で造血機能をもつのはどれか。","骨膜","緻密質","骨端軟骨","赤色骨髄","黄色骨髄",D,"赤色骨髄では赤血球や白血球などの血球が産生される。黄色骨髄は主に脂肪組織である。","黄色骨髄と混同しやすい。造血機能の有無で区別する。"
A_ANAT_075,"肋骨の数として正しいのはどれか。","10対","11対","12対","13対","14対",C,"ヒトの肋骨は左右12対からなり胸郭を形成する。","数を曖昧に覚えて誤答しやすい。対で数える点に注意する。"
A_ANAT_076,"成人の脊柱を構成する椎骨数として正しいのはどれか。ただし仙骨と尾骨を除く。","22個","24個","26個","28個","30個",B,"頸椎7個、胸椎12個、腰椎5個で合計24個となる。","仙骨と尾骨を含めて数えてしまう誤りが多い。除外条件に注意する。"
A_ANAT_077,"脳頭蓋を構成しない骨はどれか。","前頭骨","頭頂骨","後頭骨","側頭骨","上顎骨",E,"上顎骨は顔面頭蓋に属し脳頭蓋には含まれない。","頭蓋骨全体と脳頭蓋の区別を誤りやすい。分類に注意する。"
A_ANAT_078,"心臓の房室弁はどれか。","僧帽弁と三尖弁","大動脈弁と肺動脈弁","僧帽弁と大動脈弁","三尖弁と肺動脈弁","すべて房室弁",A,"房室弁は心房と心室の間にある弁であり僧帽弁と三尖弁が該当する。","半月弁と混同しやすい。位置関係を確認する必要がある。"
A_ANAT_079,"心臓刺激伝導系で最初に興奮するのはどれか。","洞房結節","房室結節","ヒス束","プルキンエ線維","心室筋",A,"洞房結節は心臓のペースメーカーとして自発的に興奮を開始する。","房室結節と混同しやすい。起点である点を意識する。"
A_ANAT_080,"門脈に血液を送らない血管はどれか。","上腸間膜静脈","下腸間膜静脈","脾静脈","肝静脈","胃静脈",D,"肝静脈は肝臓から下大静脈へ血液を戻す血管であり門脈系には属さない。","名前に肝がつくため門脈系と誤解しやすい。流れの向きを確認する。"
A_ANAT_081,"腎臓の機能単位はどれか。","腎小体","糸球体","ネフロン","ボウマン嚢","尿細管",C,"ネフロンは糸球体と尿細管からなる腎臓の基本的な機能単位である。","構成要素と単位を混同しやすい。ネフロンが単位である。"
A_ANAT_082,"肺でガス交換が行われる部位はどれか。","気管","気管支","細気管支","肺胞","胸膜腔",D,"肺胞は薄い壁と毛細血管網をもち酸素と二酸化炭素の交換が行われる。","気管支で交換されると誤解しやすい。構造と機能を対応させる。"
A_ANAT_083,"栄養素の吸収が最も多く行われる消化管部位はどれか。","胃","十二指腸","空腸","回腸","大腸",C,"空腸は絨毛が発達し多くの栄養素が吸収される主要部位である。","十二指腸と混同しやすい。吸収量の多さに注目する。"
A_ANAT_084,"膵臓から分泌される消化酵素でないのはどれか。","アミラーゼ","リパーゼ","トリプシン","ペプシン","キモトリプシン",D,"ペプシンは胃で分泌される消化酵素であり膵臓由来ではない。","消化酵素はすべて膵臓由来と誤解しやすい。分泌部位を区別する。"
A_ANAT_085,"体温調節中枢が存在する脳部位はどれか。","大脳皮質","視床下部","小脳","中脳","延髄",B,"視床下部は自律神経や内分泌を統合し体温調節中枢として働く。","延髄と混同しやすい。恒常性維持の中枢である点を覚える。"
A_ANAT_086,"脳脊髄液が産生される場所はどれか。","くも膜","硬膜","脈絡叢","脊髄中心管","軟膜",C,"脳室内の脈絡叢で脳脊髄液が産生される。","膜構造と混同しやすい。産生部位を正確に覚える必要がある。"
A_ANAT_087,"副交感神経の作用として正しいのはどれか。","心拍数増加","気管支拡張","瞳孔散大","消化管運動促進","血糖上昇",D,"副交感神経は休息と消化を促進し消化管運動を亢進させる。","交感神経作用と逆になる点を混同しやすい。対比で理解する。"
A_ANAT_088,"聴覚に関与する脳神経はどれか。","第3脳神経","第5脳神経","第7脳神経","第8脳神経","第10脳神経",D,"第8脳神経は前庭神経と蝸牛神経からなり聴覚と平衡感覚を伝える。","顔面神経と混同しやすい。番号と機能を対応させる。"
A_ANAT_089,"視覚情報を処理する大脳皮質領域はどれか。","前頭葉","側頭葉","頭頂葉","後頭葉","島",D,"後頭葉に一次視覚野が存在し視覚情報が処理される。","側頭葉と混同しやすい。感覚野の局在を整理する。"
A_ANAT_090,"運動の協調を司る中枢はどれか。","大脳基底核","小脳","視床","海馬","扁桃体",B,"小脳は運動のタイミングや強さを調整し協調運動を制御する。","大脳基底核と混同しやすい。協調運動は小脳である。"
B_PHYS_001,"等加速度運動で初速度0の物体が時間$t$後に進む距離$x$として正しい式はどれか。","$x=vt$","$x=\frac{1}{2}at^2$","$x=at$","$x=2at^2$","$x=\frac{1}{2}vt$",B,"等加速度運動で初速度が0の場合，位置は$x=\frac{1}{2}at^2$で表される。速度$v=at$を用いても同じ式が導かれる。","速度の式$v=at$と混同し$x=at$と誤答しやすい。距離と速度の式を区別する必要がある。"
B_PHYS_002,"運動量保存則が成り立つ条件として正しいのはどれか。","外力が作用しない","摩擦がある","重力が作用する","空気抵抗がある","速度が一定",A,"運動量保存則は外力が働かない閉じた系で成り立つ。外力がある場合は系全体の運動量は保存されない。","摩擦や重力があっても保存されると誤解しやすい。外力の有無を判断する必要がある。"
B_PHYS_003,"仕事率（パワー）の定義として正しいのはどれか。","仕事×時間","仕事÷時間","力×距離","質量×加速度","エネルギー÷距離",B,"仕事率は単位時間あたりになされる仕事であり$P=W/t$で定義される。","仕事と混同しやすい。時間で割る量である点を確認する。"
B_PHYS_004,"理想気体が断熱膨張するとき正しいのはどれか。","内部エネルギーは一定","外部に熱を放出する","外部から熱を受け取る","温度が低下する","圧力は一定",D,"断熱過程では熱の出入りがないため仕事をする分だけ内部エネルギーが減少し温度が低下する。","等温変化と混同しやすい。熱の出入りがない点に注意する。"
B_PHYS_005,"電場$E$中に置かれた電荷$q$に働く力$F$として正しいのはどれか。","$F=qE$","$F=E/q$","$F=q/E$","$F=qE^2$","$F=E^2/q$",A,"電場の定義より電荷$q$に働く力は$F=qE$で与えられる。","クーロン力と混同して$r$依存を入れやすい。定義式を用いる。"
B_PHYS_006,"オームの法則として正しいのはどれか。","$V=IR$","$I=VR$","$R=VI$","$V=I/R$","$I=R/V$",A,"電圧$V$は電流$I$と抵抗$R$の積で表され$V=IR$となる。","逆数にして$I=VR$と誤答しやすい。比例関係を確認する。"
B_PHYS_007,"自己誘導によって生じる起電力の向きは何に逆らうか。","磁場","電流の変化","電圧","抵抗","エネルギー",B,"レンツの法則より自己誘導起電力は回路中の電流の変化を妨げる向きに生じる。","磁場そのものに逆らうと誤解しやすい。変化に逆らう点が重要である。"
B_PHYS_008,"凸レンズで実像ができる条件として正しいのはどれか。","物体が焦点より内側","物体が焦点上","物体が焦点より外側","物体がレンズ中心","どこでもできる",C,"凸レンズでは物体が焦点距離より外側にあるときスクリーンに結像する実像が得られる。","焦点内側で虚像ができる場合と混同しやすい。像の性質を区別する。"
B_PHYS_009,"回折格子による干渉条件として正しいのはどれか。","$d\sin\theta=m\lambda$","$d\cos\theta=m\lambda$","$d\tan\theta=m\lambda$","$d=m\lambda\sin\theta$","$\lambda=m d$",A,"回折格子の主極大条件は$d\sin\theta=m\lambda$で与えられる。","スリット回折条件と混同しやすい。干渉条件式を覚える必要がある。"
B_PHYS_010,"原子の基底状態について正しいのはどれか。","最も高いエネルギー状態","電子が放出される状態","最も低いエネルギー状態","励起状態","不安定状態",C,"基底状態とは原子が取り得る最も低いエネルギー状態である。","励起状態と混同しやすい。エネルギー準位の最低である点を確認する。"
B_CHEM_011,"同位体の定義として正しいのはどれか。","陽子数が異なる原子","中性子数が異なる同一元素","電子数が異なる原子","質量数が同じ原子","化学的性質が異なる原子",B,"同位体とは陽子数が同じで中性子数が異なる原子であり同一元素に属する。","電子数の違いと混同しやすい。原子番号が同じである点が重要である。"
B_CHEM_012,"イオン結合の特徴として正しいのはどれか。","電子を共有する","分子を形成する","静電的引力で結合","方向性が強い","水に溶けない",C,"イオン結合は陽イオンと陰イオンの静電的引力によって形成される結合である。","共有結合と混同し電子を共有すると誤答しやすい。結合の本質を理解する。"
B_CHEM_013,"酸化還元反応において酸化とはどれか。","電子を受け取る","電子を失う","水素を受け取る","酸素を失う","電荷が変わらない",B,"酸化とは電子を失う反応であり還元は電子を受け取る反応である。","酸素の有無だけで判断しやすい。電子の授受で定義する。"
B_CHEM_014,"pHが1単位変化すると水素イオン濃度は何倍変化するか。","2倍","5倍","10倍","20倍","100倍",C,"pHは常用対数で定義されるため1単位変化すると水素イオン濃度は10倍変化する。","直線的な変化と誤解しやすい。対数尺度である点に注意する。"
B_CHEM_015,"緩衝液の作用として正しいのはどれか。","pHを大きく変化させる","pH変化を抑える","完全に中性にする","塩を沈殿させる","電気伝導度を下げる",B,"緩衝液は少量の酸や塩基が加えられてもpHの変化を小さく抑える作用をもつ。","中性にする作用と誤解しやすい。変化を緩和する点が重要である。"
B_CHEM_016,"アルコールの一般式として正しいのはどれか。","$C_nH_{2n+2}$","$C_nH_{2n+1}OH$","$C_nH_{2n}$","$C_nH_{2n}O$","$C_nH_{2n+2}O$",B,"一価アルコールは炭化水素基$C_nH_{2n+1}$にヒドロキシ基$OH$が結合した構造をもつ。","アルカンの一般式と混同しやすい。官能基$OH$を含む点に注意する。"
B_CHEM_017,"カルボン酸の性質として正しいのはどれか。","塩基性を示す","水に不溶","エステルを形成する","金属ナトリウムと反応しない","アンモニアと反応しない",C,"カルボン酸はアルコールと反応してエステルを生成するエステル化反応を起こす。","フェノールと混同しやすい。官能基が$COOH$である点を確認する。"
B_CHEM_018,"タンパク質を構成する基本単位はどれか。","脂肪酸","アミノ酸","グルコース","ヌクレオチド","リン酸",B,"タンパク質は20種類のアミノ酸がペプチド結合で連なった高分子である。","核酸の構成単位であるヌクレオチドと混同しやすい。"
B_STAT_019,"度数分布表から求められる代表値として正しいのはどれか。","中央値のみ","最頻値のみ","平均値のみ","平均値・中央値・最頻値","分散のみ",D,"度数分布表からは各階級の度数を用いて平均値，中央値，最頻値を近似的に求めることができる。","平均値しか求められないと誤解しやすい。代表値の種類を整理する。"
B_STAT_020,"箱ひげ図で表されないのはどれか。","中央値","四分位範囲","最大値","最小値","平均値",E,"箱ひげ図は中央値と四分位数，外れ値などを示すが平均値は通常表示されない。","代表値として平均も含まれると誤解しやすい。図の構成要素を確認する。"
B_STAT_021,"標本誤差とは何を指すか。","測定器の誤差","母集団と標本平均との差","標本抽出によるばらつき","系統的なずれ","計算ミス",C,"標本誤差とは標本を抽出することによって生じる偶然的なばらつきを指す。","測定誤差や系統誤差と混同しやすい。抽出に由来する誤差である。"
B_STAT_022,"相関係数が0に近いとき何を意味するか。","無関係である","強い負の相関","強い正の相関","線形関係が弱い","必ず独立である",D,"相関係数が0に近い場合，線形的な関連が弱いことを示すが非線形関係がないとは限らない。","独立と同義と誤解しやすい。線形関係のみを評価する点に注意する。"
B_STAT_023,"片側検定が用いられるのはどのような場合か。","差があるかどうかのみを調べる","増加のみを検討する","減少のみを検討する","方向が決まっている仮説を検証する","すべての場合",D,"片側検定は効果の方向が事前に定まっている場合に用いられる。増加または減少のみを検討する。","常に両側検定を使うと誤解しやすい。仮説の立て方で選択する。"
B_STAT_024,"検定力が高い検定とはどれか。","第一種の過誤が大きい","第二種の過誤が大きい","帰無仮説を正しく棄却しやすい","有意水準が高い","標本サイズが小さい",C,"検定力とは帰無仮説が誤っているときにそれを正しく棄却できる確率である。高いほど有用な検定である。","有意水準と混同しやすい。第二種の過誤との関係を理解する必要がある。"
B_STAT_025,"回帰直線$y=ax+b$において$a$が表すものはどれか。","切片","平均値","傾き","分散","残差",C,"$a$は説明変数$x$が1単位変化したときの目的変数$y$の変化量を表す傾きである。","切片$b$と混同しやすい。役割の違いを区別する。"
B_BIO_026,"真核細胞の核内で起こる過程はどれか。","翻訳","解糖","転写","電子伝達","ATP合成",C,"真核細胞ではDNAからRNAが合成される転写は核内で行われる。翻訳は細胞質で行われる。","原核細胞と混同しやすい。場所の違いを整理する必要がある。"
B_BIO_027,"細胞骨格を構成しないものはどれか。","アクチン","チューブリン","中間径フィラメント","ミオシン","ケラチン",D,"細胞骨格はアクチンフィラメント，微小管，中間径フィラメントから構成される。ミオシンはモータータンパク質である。","筋収縮関連タンパク質と混同しやすい。構造成分かどうかを確認する。"
B_BIO_028,"オルガネラのうち二重膜構造をもつのはどれか。","リボソーム","ゴルジ体","ミトコンドリア","小胞体","リソソーム",C,"ミトコンドリアは外膜と内膜の二重膜構造をもつ。核も二重膜であるが選択肢には含まれない。","小胞体やゴルジ体と混同しやすい。膜構造の数に注意する。"
B_BIO_029,"ホルモンの受容体が細胞内に存在するものはどれか。","インスリン","アドレナリン","成長ホルモン","エストロゲン","グルカゴン",D,"エストロゲンは脂溶性ホルモンで細胞膜を通過し細胞内受容体に結合して作用する。","水溶性ホルモンと混同しやすい。膜通過性で区別する。"
B_BIO_030,"抗体の特異性を決定する部位はどれか。","Fc領域","Fab領域","重鎖定常部","軽鎖定常部","ヒンジ部",B,"抗原結合部位を含むFab領域が抗体の特異性を決定する。","補体結合部位と混同しやすい。抗原結合部位である点を確認する。"
B_BIO_031,"ミトコンドリアDNAの特徴として正しいのはどれか。","環状DNAである","父系遺伝する","ヒストンと結合する","イントロンを多く含む","染色体と同一構造",A,"ミトコンドリアDNAは原核生物様の環状DNAであり主に母系遺伝する。核DNAとは構造や遺伝様式が異なる。","核DNAと同様に直線状と誤解しやすい。母系遺伝である点も重要である。"
B_BIO_032,"原核生物と真核生物の共通点として正しいのはどれか。","核膜をもつ","ミトコンドリアをもつ","DNAをもつ","ゴルジ体をもつ","リソソームをもつ",C,"原核生物と真核生物はいずれも遺伝情報としてDNAをもつが，核膜やオルガネラの有無に違いがある。","核やオルガネラの有無と混同しやすい。共通点はDNAである。"
B_BIO_033,"細胞分裂において染色体が赤道面に整列するのはどの時期か。","前期","中期","後期","終期","間期",B,"有糸分裂の中期には染色体が紡錘体に引かれて細胞の赤道面に整列する。","前期と混同しやすい。整列するのは中期である。"
B_BIO_034,"神経細胞における興奮の伝導で電位が低下する現象はどれか。","脱分極","再分極","過分極","活動電位","静止電位",C,"過分極とは膜電位が静止電位よりさらに低くなる現象であり，興奮後にみられる。","再分極と混同しやすい。静止電位より低くなる点が過分極である。"
B_BIO_035,"シナプスで神経伝達物質が放出される仕組みとして正しいのはどれか。","Na+流入","K+流出","Ca2+流入","Cl-流入","ATP枯渇",C,"活動電位により電位依存性Ca2+チャネルが開きCa2+が流入することでシナプス小胞が融合し神経伝達物質が放出される。","Na+の流入と混同しやすい。放出の引き金はCa2+である。"
B_BIO_036,"筋収縮に直接関与するタンパク質はどれか。","アクチンとミオシン","チューブリンとダイニン","ケラチンとコラーゲン","ミオシンとチューブリン","アクチンとコラーゲン",A,"筋収縮はアクチンフィラメントとミオシンフィラメントの相互作用によって生じる。","細胞骨格成分と混同しやすい。筋原線維の構成タンパク質を確認する。"
B_BIO_037,"心筋細胞の特徴として正しいのはどれか。","単核である","横紋構造をもたない","自律的に収縮する","随意運動である","細胞間結合がない",C,"心筋は横紋をもち自律的に拍動する筋であり自律神経により調節される。","骨格筋と混同し随意運動と考えやすい。自動能が特徴である。"
B_BIO_038,"ホルモン分泌の調節において負のフィードバックの例として正しいのはどれか。","甲状腺ホルモンがTSH分泌を抑制する","TSHが甲状腺ホルモン分泌を促進する","インスリンが血糖値を下げる","グルカゴンが血糖値を上げる","アドレナリンが心拍数を上げる",A,"甲状腺ホルモンが増えると下垂体からのTSH分泌が抑制される関係は負のフィードバックの典型例である。","刺激作用と混同しやすい。ホルモンが上流の分泌を抑制する点に注目する。"
B_BIO_039,"ビタミンのうち脂溶性でないものはどれか。","ビタミンA","ビタミンD","ビタミンE","ビタミンK","ビタミンC",E,"ビタミンCは水溶性ビタミンであり体内に蓄積されにくい。A,D,E,Kは脂溶性である。","脂溶性ビタミンの語呂合わせと混同しやすい。Cは水溶性である。"
B_BIO_040,"腎臓で水の再吸収が最も多く行われる部位はどれか。","糸球体","近位尿細管","ヘンレ係蹄","遠位尿細管","集合管",B,"近位尿細管では原尿中の水分の大部分が再吸収される。","集合管と混同しやすい。量として最も多いのは近位尿細管である。"
B_ANAT_041,"大腿骨頭に栄養血管を送る動脈として重要なのはどれか。","外側大腿回旋動脈","内側大腿回旋動脈","大腿動脈","閉鎖動脈","膝窩動脈",B,"大腿骨頭への主要血流は内側大腿回旋動脈から供給される。骨折時に損傷されると壊死の原因となる。","外側回旋動脈と混同しやすい。臨床的重要性の高い血管である。"
B_ANAT_042,"肩関節の回旋筋腱板を構成しない筋はどれか。","棘上筋","棘下筋","小円筋","肩甲下筋","三角筋",E,"回旋筋腱板は棘上筋，棘下筋，小円筋，肩甲下筋から構成される。三角筋は含まれない。","肩周囲筋をすべて含むと誤解しやすい。4筋を覚える必要がある。"
B_ANAT_043,"肘関節の屈曲に主に作用する筋はどれか。","上腕三頭筋","上腕二頭筋","三角筋","大円筋","広背筋",B,"上腕二頭筋は肘関節の屈曲および前腕の回外に作用する主要筋である。","上腕三頭筋と混同しやすい。作用が逆である点に注意する。"
B_ANAT_044,"手根骨の数として正しいのはどれか。","6個","7個","8個","9個","10個",C,"手根骨は舟状骨，月状骨など計8個から構成される。","足根骨の数と混同しやすい。部位ごとに数を覚える必要がある。"
B_ANAT_045,"脊髄神経の数として正しいのはどれか。","28対","29対","30対","31対","32対",D,"脊髄神経は頸神経8対，胸神経12対，腰神経5対，仙骨神経5対，尾骨神経1対の計31対である。","椎骨数と混同しやすい。対で数える点に注意する。"
B_ANAT_046,"右心室から血液が流出する血管はどれか。","大動脈","肺動脈","上大静脈","下大静脈","冠動脈",B,"右心室からは肺動脈が出て肺へ血液を送る。大動脈は左心室から出る。","左右の心室と血管の対応を混同しやすい。流れの順序を整理する。"
B_ANAT_047,"胃の主細胞が分泌する物質はどれか。","塩酸","ペプシノーゲン","ムチン","ガストリン","重炭酸イオン",B,"主細胞はペプシンの前駆体であるペプシノーゲンを分泌する。塩酸は壁細胞から分泌される。","壁細胞と混同しやすい。分泌物の対応を覚える必要がある。"
B_ANAT_048,"胆汁が貯蔵される臓器はどれか。","肝臓","胆嚢","膵臓","脾臓","腎臓",B,"胆汁は肝臓で産生され胆嚢に貯蔵される。","産生部位と貯蔵部位を混同しやすい。役割の違いを確認する。"
B_ANAT_049,"小腸の構造として正しいのはどれか。","輪状ひだをもたない","絨毛をもたない","消化液を分泌しない","吸収面積が大きい","蠕動運動をしない",D,"小腸は輪状ひだや絨毛により表面積が大きくなり効率的に栄養素を吸収する。","胃や大腸と混同しやすい。吸収機能に特化している点に注目する。"
B_ANAT_050,"甲状腺ホルモンの分泌を直接調節するホルモンはどれか。","ACTH","TSH","FSH","LH","プロラクチン",B,"下垂体前葉から分泌されるTSHが甲状腺を刺激して甲状腺ホルモン分泌を調節する。","ACTHと混同しやすい。標的内分泌腺の対応関係を整理する。"
B_ANAT_051,"膝関節で前方への脛骨の移動を防ぐ靱帯はどれか。","前十字靱帯","後十字靱帯","内側側副靱帯","外側側副靱帯","膝蓋靱帯",A,"前十字靱帯は脛骨の前方移動を防ぎ膝関節の安定性を保つ。","後十字靱帯と混同しやすい。方向に注意する必要がある。"
B_ANAT_052,"大脳皮質の運動野が存在する部位はどれか。","前頭葉","頭頂葉","側頭葉","後頭葉","島",A,"一次運動野は前頭葉の中心前回に存在し随意運動を制御する。","感覚野と混同しやすい。前頭葉が運動野である。"
B_ANAT_053,"呼吸中枢が存在する部位はどれか。","大脳皮質","視床","小脳","延髄","海馬",D,"呼吸のリズムを調節する中枢は延髄に存在する。","橋と混同しやすい。生命維持中枢がある部位を確認する。"
B_ANAT_054,"交感神経節後線維から放出される主な神経伝達物質はどれか。","アセチルコリン","ノルアドレナリン","ドーパミン","セロトニン","GABA",B,"交感神経節後線維の多くはノルアドレナリンを放出して標的器官に作用する。","節前線維のアセチルコリンと混同しやすい。線維の種類を区別する。"
B_ANAT_055,"視覚情報が最初に中継される視床の核はどれか。","外側膝状体","内側膝状体","腹側核","後核","前核",A,"外側膝状体は視覚情報を中継して大脳皮質視覚野へ送る。","聴覚中継核である内側膝状体と混同しやすい。"
B_ANAT_056,"副腎髄質から分泌されるホルモンはどれか。","アルドステロン","コルチゾール","アドレナリン","プロゲステロン","エストロゲン",C,"副腎髄質はカテコールアミンであるアドレナリンやノルアドレナリンを分泌する。","副腎皮質ホルモンと混同しやすい。部位による違いを確認する。"
B_ANAT_057,"肝臓で合成されない物質はどれか。","アルブミン","フィブリノゲン","尿素","インスリン","コレステロール",D,"インスリンは膵臓のランゲルハンス島β細胞で産生されるホルモンであり肝臓では合成されない。","多くの血漿タンパクが肝臓由来であるため混同しやすい。"
B_ANAT_058,"血液中で酸素を運搬する分子はどれか。","ミオグロビン","ヘモグロビン","アルブミン","フィブリノゲン","グロブリン",B,"ヘモグロビンは赤血球内に存在し酸素と結合して全身へ運搬する。","筋肉内のミオグロビンと混同しやすい。役割の違いを整理する。"
B_ANAT_059,"体液のpHを一定に保つ主要な緩衝系はどれか。","リン酸緩衝系","重炭酸緩衝系","タンパク質緩衝系","アンモニア緩衝系","乳酸緩衝系",B,"血液のpHは主に重炭酸イオンと二酸化炭素からなる重炭酸緩衝系によって調節される。","リン酸緩衝系と混同しやすい。血液で主に働くのは重炭酸系である。"
B_ANAT_060,"尿量の調節に関与するホルモンはどれか。","オキシトシン","バソプレシン","プロラクチン","メラトニン","ガストリン",B,"バソプレシンは抗利尿ホルモンとして腎集合管での水再吸収を促進し尿量を減少させる。","アルドステロンと混同しやすい。水の再吸収を調節する点に注意する。"
B_PHYS_061,"交流電圧の実効値$V_{\mathrm{rms}}$と最大値$V_0$の関係として正しいのはどれか。","$V_{\mathrm{rms}}=V_0$","$V_{\mathrm{rms}}=V_0/\sqrt{2}$","$V_{\mathrm{rms}}=2V_0$","$V_{\mathrm{rms}}=\sqrt{2}V_0$","$V_{\mathrm{rms}}=V_0/2$",B,"正弦波交流では実効値は最大値を$\sqrt{2}$で割った値となり$V_{\mathrm{rms}}=V_0/\sqrt{2}$で表される。これは同じ発熱効果を与える直流電圧に相当する値である。","平均値と混同しやすい。実効値はエネルギー的等価性から定義される点に注意する。"
B_PHYS_062,"コンプトン散乱で波長が変化する主な理由はどれか。","電子との弾性衝突","原子核との衝突","熱運動","回折現象","屈折現象",A,"コンプトン散乱ではX線や$\gamma$線が電子と衝突しエネルギーと運動量をやり取りすることで波長が変化する。これは光の粒子性を示す現象である。","回折や屈折と混同しやすい。粒子としての光と電子の衝突である点が重要である。"
B_PHYS_063,"半導体の$p$型として正しいのはどれか。","電子が多数キャリア","正孔が多数キャリア","不純物を含まない","金属と同じ導電性","温度に依存しない",B,"$p$型半導体では三価元素を添加することで正孔が多数キャリアとなり電流を運ぶ。$n$型では電子が多数キャリアである。","$n$型と混同しやすい。多数キャリアが正孔である点を確認する。"
B_PHYS_064,"原子核反応において質量欠損が意味するのはどれか。","質量保存の破れ","エネルギーへの変換","測定誤差","電子の寄与","化学結合エネルギー",B,"原子核反応では一部の質量が$E=mc^2$に従ってエネルギーに変換される。この差が質量欠損として観測される。","質量が消失したと誤解しやすい。エネルギーに変換された結果である。"
B_CHEM_065,"弱塩基の解離定数$K_b$と$pK_b$の関係として正しいのはどれか。","$pK_b=K_b$","$pK_b=\log K_b$","$pK_b=-\log K_b$","$pK_b=\ln K_b$","$pK_b=1/K_b$",C,"$pK_b$は塩基解離定数$K_b$の常用対数の負で定義される。酸の場合の$pK_a$と同様の関係である。","自然対数と混同しやすい。常用対数と負号に注意する必要がある。"
B_CHEM_066,"水溶液中で電解質が電離する度合いを表す量はどれか。","モル濃度","電離度","浸透圧","活量","イオン強度",B,"電離度は溶質がどの程度イオンに分かれているかを表す割合であり電解質の性質を示す重要な指標である。","モル濃度と混同しやすい。電離の割合である点を理解する必要がある。"
B_CHEM_067,"炭化水素の異性体が存在する理由として正しいのはどれか。","分子量が異なるため","元素組成が異なるため","結合の仕方が異なるため","官能基が異なるため","電子数が異なるため",C,"異性体は分子式が同じであっても原子の結合の仕方や配置が異なるため異なる性質を示す。","分子量や元素組成が異なると誤解しやすい。同一分子式である点が重要である。"
B_CHEM_068,"脂肪酸の$\beta$酸化が行われる細胞内小器官はどれか。","リソソーム","小胞体","ミトコンドリア","ゴルジ体","核",C,"脂肪酸の$\beta$酸化は主にミトコンドリアマトリックスで行われエネルギー産生に寄与する。","解糖系と混同しやすい。糖と脂肪酸で代謝部位が異なる点に注意する。"
B_CHEM_069,"酵素反応速度に影響を与えない因子はどれか。","基質濃度","温度","pH","阻害剤","反応生成物の色",E,"酵素反応速度は基質濃度，温度，pH，阻害剤などに影響されるが生成物の色自体は速度決定因子ではない。","視覚的変化と反応速度を混同しやすい。化学的条件が重要である。"
B_STAT_070,"母分散が未知の場合に母平均の検定で用いる分布はどれか。","正規分布","$t$分布","$\chi^2$分布","$F$分布","二項分布",B,"母分散が未知の場合には標本分散を用いるため検定統計量は$t$分布に従う。","正規分布と混同しやすい。分散未知か既知かで使う分布が変わる。"
B_STAT_071,"有意水準5%とは何を意味するか。","誤差が5%以内","第一種の過誤が5%","第二種の過誤が5%","検定力が95%","信頼区間が95%",B,"有意水準は帰無仮説が正しいにもかかわらずそれを棄却してしまう第一種の過誤の確率を表す。","信頼区間95%と同義と誤解しやすい。意味の違いを整理する必要がある。"
B_STAT_072,"帰無仮説$H_0$として最も適切なのはどれか。","差がある","効果がある","相関がある","差がない","増加している",D,"帰無仮説は通常『差がない』『効果がない』など変化が存在しないことを仮定する。","研究仮説と混同しやすい。まず否定したい仮説を立てる点が重要である。"
B_STAT_073,"95%信頼区間に真の母平均が含まれない確率はどれか。","1%","2.5%","5%","95%","100%",C,"95%信頼区間とは長期的に見て95%の区間が真の値を含むことを意味し含まれない確率は5%である。","2.5%と誤答しやすい。両側区間全体で5%である。"
B_STAT_074,"Spearmanの順位相関係数を用いるのはどのような場合か。","正規分布に従うデータ","名義尺度データ","順位尺度データ","比尺度データ","質的データ",C,"Spearmanの順位相関係数はデータを順位に変換して相関を評価するため順位尺度や非正規分布データに適している。","Pearson相関と混同しやすい。順位を用いる点が特徴である。"
B_STAT_075,"多変量解析の目的として正しいのはどれか。","1変数のみ解析する","複数変数の関係を同時に解析する","平均値のみ求める","度数を集計する","外れ値を除去する",B,"多変量解析は複数の変数間の関係を同時に扱い構造を明らかにする統計手法である。","単変量解析と混同しやすい。複数変数を扱う点に注意する。"
B_STAT_076,"ロジスティック回帰分析の目的変数として適切なのはどれか。","連続量","二値データ","順位データ","比率データ","正規分布データ",B,"ロジスティック回帰は事象の起こる確率をモデル化するため目的変数は0または1の二値データである。","線形回帰と混同しやすい。目的変数の型で手法を選択する。"
B_BIO_077,"ヒトの赤血球に含まれない細胞小器官はどれか。","ミトコンドリア","細胞膜","ヘモグロビン","細胞質","酵素",A,"成熟赤血球は核やミトコンドリアをもたずヘモグロビンに特化した構造をもつ。","核と混同しやすい。エネルギー産生を行わない点が特徴である。"
B_BIO_078,"副交感神経の伝達物質として正しいのはどれか。","ノルアドレナリン","アドレナリン","アセチルコリン","ドーパミン","セロトニン",C,"副交感神経では節前線維・節後線維ともに主にアセチルコリンが伝達物質として用いられる。","交感神経のノルアドレナリンと混同しやすい。系統ごとの違いを整理する。"
B_BIO_079,"骨格筋でカルシウムイオンが結合するタンパク質はどれか。","トロポニン","トロポミオシン","アクチン","ミオシン","チューブリン",A,"骨格筋ではカルシウムイオンがトロポニンに結合しトロポミオシンの位置が変化してアクチンとミオシンの結合が可能となる。","ミオシンに直接結合すると誤解しやすい。調節タンパク質である点に注意する。"
B_BIO_080,"内分泌腺でないものはどれか。","甲状腺","副腎","膵臓","唾液腺","下垂体",D,"唾液腺は外分泌腺であり消化液を導管を通じて分泌する。内分泌腺とは分泌様式が異なる。","膵臓が内外分泌をもつ点と混同しやすい。導管の有無で区別する。"
B_ANAT_081,"咽頭から食道へ食塊が移動するときに閉じる構造はどれか。","声帯","喉頭蓋","咽頭扁桃","甲状軟骨","披裂軟骨",B,"嚥下時には喉頭蓋が閉じて気道への侵入を防ぎ食塊は食道へ送られる。","声帯と混同しやすい。誤嚥防止構造である点が重要である。"
B_ANAT_082,"脳室系を循環する脳脊髄液の最終的な吸収部位はどれか。","脈絡叢","くも膜顆粒","硬膜静脈洞","第四脳室","脊髄中心管",B,"脳脊髄液はくも膜顆粒を通じて静脈系に吸収される。産生部位は脈絡叢である。","産生部位と吸収部位を混同しやすい。循環経路を整理する必要がある。"
B_ANAT_083,"膀胱に尿を運ぶ管はどれか。","尿道","尿管","輸精管","胆管","リンパ管",B,"腎臓で作られた尿は尿管を通って膀胱へ送られる。尿道は体外へ排出する管である。","尿道と混同しやすい。流れの順序を確認する必要がある。"
B_ANAT_084,"子宮内膜の周期的変化を直接調節するホルモンはどれか。","FSH","LH","エストロゲン","プロラクチン","オキシトシン",C,"エストロゲンは子宮内膜の増殖を促進し月経周期に伴う変化を調節する主要なホルモンである。","FSHやLHと混同しやすい。標的臓器への直接作用で判断する。"